{
    "providers": [
        {
            "type": "bitmap",
            "file": "astralechoes:custom_ui/guis/astral-map.png",
            "ascent": 20,
            "height": 145,
            "chars": [
                "␀"
            ]
        },
        {
            "type": "bitmap",
            "file": "astralechoes:custom_ui/guis/select-race.png",
            "ascent": 20,
            "height": 145,
            "chars": [
                "␁"
            ]
        },
        {
            "type": "bitmap",
            "file": "astralechoes:custom_ui/guis/select-sub-race.png",
            "ascent": 20,
            "height": 91,
            "chars": [
                "␂"
            ]
        },
        {
            "type": "bitmap",
            "file": "astralechoes:custom_ui/guis/confirm-race.png",
            "ascent": 20,
            "height": 91,
            "chars": [
                "␃"
            ]
        },
        {
            "type": "bitmap",
            "file": "astralechoes:custom_ui/guis/catalog.png",
            "ascent": 20,
            "height": 145,
            "chars": [
                "␄"
            ]
        },
        {
            "type": "bitmap",
            "file": "astralechoes:custom_ui/guis/shop.png",
            "ascent": 20,
            "height": 145,
            "chars": [
                "␅"
            ]
        },
        {
            "type": "bitmap",
            "file": "astralechoes:custom_ui/empty.png",
            "ascent": -5000,
            "height": -6,
            "chars": [
                "␠"
            ]
        }
    ]
}